b0cce8e5-3dd0-404b-a271-9db8634305fb,21866
b0cce8e5-3dd0-404b-a271-9db8634305fb,8556
b0cce8e5-3dd0-404b-a271-9db8634305fb,9637
b0cce8e5-3dd0-404b-a271-9db8634305fb,7364
b0cce8e5-3dd0-404b-a271-9db8634305fb,10760
b0cce8e5-3dd0-404b-a271-9db8634305fb,5581
b0cce8e5-3dd0-404b-a271-9db8634305fb,7921
b0cce8e5-3dd0-404b-a271-9db8634305fb,21819
b0cce8e5-3dd0-404b-a271-9db8634305fb,6648
b0cce8e5-3dd0-404b-a271-9db8634305fb,9370
b0cce8e5-3dd0-404b-a271-9db8634305fb,9749
b0cce8e5-3dd0-404b-a271-9db8634305fb,7804
b0cce8e5-3dd0-404b-a271-9db8634305fb,12697
b0cce8e5-3dd0-404b-a271-9db8634305fb,8973
b0cce8e5-3dd0-404b-a271-9db8634305fb,7699
b0cce8e5-3dd0-404b-a271-9db8634305fb,11492
b0cce8e5-3dd0-404b-a271-9db8634305fb,11716
b0cce8e5-3dd0-404b-a271-9db8634305fb,9275
b0cce8e5-3dd0-404b-a271-9db8634305fb,6084
b0cce8e5-3dd0-404b-a271-9db8634305fb,10447
b0cce8e5-3dd0-404b-a271-9db8634305fb,11532
b0cce8e5-3dd0-404b-a271-9db8634305fb,10358
b0cce8e5-3dd0-404b-a271-9db8634305fb,6841
b0cce8e5-3dd0-404b-a271-9db8634305fb,11316
b0cce8e5-3dd0-404b-a271-9db8634305fb,12876
b0cce8e5-3dd0-404b-a271-9db8634305fb,8720
b0cce8e5-3dd0-404b-a271-9db8634305fb,8963
b0cce8e5-3dd0-404b-a271-9db8634305fb,10665
b0cce8e5-3dd0-404b-a271-9db8634305fb,14611
b0cce8e5-3dd0-404b-a271-9db8634305fb,9964
b0cce8e5-3dd0-404b-a271-9db8634305fb,10830
b0cce8e5-3dd0-404b-a271-9db8634305fb,12009
b0cce8e5-3dd0-404b-a271-9db8634305fb,10291
b0cce8e5-3dd0-404b-a271-9db8634305fb,10922
b0cce8e5-3dd0-404b-a271-9db8634305fb,8733
b0cce8e5-3dd0-404b-a271-9db8634305fb,14508
b0cce8e5-3dd0-404b-a271-9db8634305fb,7126
b0cce8e5-3dd0-404b-a271-9db8634305fb,7002
b0cce8e5-3dd0-404b-a271-9db8634305fb,7336
b0cce8e5-3dd0-404b-a271-9db8634305fb,8049
b0cce8e5-3dd0-404b-a271-9db8634305fb,9616
b0cce8e5-3dd0-404b-a271-9db8634305fb,13082
b0cce8e5-3dd0-404b-a271-9db8634305fb,9642
b0cce8e5-3dd0-404b-a271-9db8634305fb,7800
b0cce8e5-3dd0-404b-a271-9db8634305fb,9511
b0cce8e5-3dd0-404b-a271-9db8634305fb,8079
b0cce8e5-3dd0-404b-a271-9db8634305fb,11050
b0cce8e5-3dd0-404b-a271-9db8634305fb,8396
b0cce8e5-3dd0-404b-a271-9db8634305fb,18158
b0cce8e5-3dd0-404b-a271-9db8634305fb,9829
b0cce8e5-3dd0-404b-a271-9db8634305fb,7290
b0cce8e5-3dd0-404b-a271-9db8634305fb,12500
b0cce8e5-3dd0-404b-a271-9db8634305fb,8862
b0cce8e5-3dd0-404b-a271-9db8634305fb,16552
b0cce8e5-3dd0-404b-a271-9db8634305fb,9507
b0cce8e5-3dd0-404b-a271-9db8634305fb,10363
b0cce8e5-3dd0-404b-a271-9db8634305fb,10530
b0cce8e5-3dd0-404b-a271-9db8634305fb,12731
b0cce8e5-3dd0-404b-a271-9db8634305fb,12158
b0cce8e5-3dd0-404b-a271-9db8634305fb,8241
b0cce8e5-3dd0-404b-a271-9db8634305fb,11106
b0cce8e5-3dd0-404b-a271-9db8634305fb,7867
b0cce8e5-3dd0-404b-a271-9db8634305fb,18163
b0cce8e5-3dd0-404b-a271-9db8634305fb,6867
b0cce8e5-3dd0-404b-a271-9db8634305fb,9074
b0cce8e5-3dd0-404b-a271-9db8634305fb,12176
b0cce8e5-3dd0-404b-a271-9db8634305fb,11354
b0cce8e5-3dd0-404b-a271-9db8634305fb,10581
b0cce8e5-3dd0-404b-a271-9db8634305fb,7649
b0cce8e5-3dd0-404b-a271-9db8634305fb,13461
b0cce8e5-3dd0-404b-a271-9db8634305fb,7728
b0cce8e5-3dd0-404b-a271-9db8634305fb,10924
b0cce8e5-3dd0-404b-a271-9db8634305fb,8445
b0cce8e5-3dd0-404b-a271-9db8634305fb,6166
b0cce8e5-3dd0-404b-a271-9db8634305fb,6886
b0cce8e5-3dd0-404b-a271-9db8634305fb,7910
b0cce8e5-3dd0-404b-a271-9db8634305fb,16408
b0cce8e5-3dd0-404b-a271-9db8634305fb,7308
b0cce8e5-3dd0-404b-a271-9db8634305fb,15030
b0cce8e5-3dd0-404b-a271-9db8634305fb,6148
b0cce8e5-3dd0-404b-a271-9db8634305fb,9953
b0cce8e5-3dd0-404b-a271-9db8634305fb,17476
b0cce8e5-3dd0-404b-a271-9db8634305fb,6619
b0cce8e5-3dd0-404b-a271-9db8634305fb,6940
b0cce8e5-3dd0-404b-a271-9db8634305fb,7882
b0cce8e5-3dd0-404b-a271-9db8634305fb,12186
b0cce8e5-3dd0-404b-a271-9db8634305fb,12077
b0cce8e5-3dd0-404b-a271-9db8634305fb,9131
b0cce8e5-3dd0-404b-a271-9db8634305fb,6445
b0cce8e5-3dd0-404b-a271-9db8634305fb,6540
b0cce8e5-3dd0-404b-a271-9db8634305fb,6084
b0cce8e5-3dd0-404b-a271-9db8634305fb,5959
b0cce8e5-3dd0-404b-a271-9db8634305fb,8975
b0cce8e5-3dd0-404b-a271-9db8634305fb,9992
b0cce8e5-3dd0-404b-a271-9db8634305fb,9762
b0cce8e5-3dd0-404b-a271-9db8634305fb,7455
b0cce8e5-3dd0-404b-a271-9db8634305fb,6932
b0cce8e5-3dd0-404b-a271-9db8634305fb,10274
b0cce8e5-3dd0-404b-a271-9db8634305fb,6131
b0cce8e5-3dd0-404b-a271-9db8634305fb,6362
b0cce8e5-3dd0-404b-a271-9db8634305fb,6216
b0cce8e5-3dd0-404b-a271-9db8634305fb,5741
b0cce8e5-3dd0-404b-a271-9db8634305fb,5948
b0cce8e5-3dd0-404b-a271-9db8634305fb,10332
b0cce8e5-3dd0-404b-a271-9db8634305fb,6448
b0cce8e5-3dd0-404b-a271-9db8634305fb,6995
b0cce8e5-3dd0-404b-a271-9db8634305fb,6636
b0cce8e5-3dd0-404b-a271-9db8634305fb,6087
b0cce8e5-3dd0-404b-a271-9db8634305fb,6770
b0cce8e5-3dd0-404b-a271-9db8634305fb,10339
b0cce8e5-3dd0-404b-a271-9db8634305fb,8231
b0cce8e5-3dd0-404b-a271-9db8634305fb,5197
b0cce8e5-3dd0-404b-a271-9db8634305fb,10773
b0cce8e5-3dd0-404b-a271-9db8634305fb,6408
b0cce8e5-3dd0-404b-a271-9db8634305fb,6896
b0cce8e5-3dd0-404b-a271-9db8634305fb,5662
b0cce8e5-3dd0-404b-a271-9db8634305fb,5546
b0cce8e5-3dd0-404b-a271-9db8634305fb,6181
b0cce8e5-3dd0-404b-a271-9db8634305fb,6908
b0cce8e5-3dd0-404b-a271-9db8634305fb,9458
b0cce8e5-3dd0-404b-a271-9db8634305fb,6809
b0cce8e5-3dd0-404b-a271-9db8634305fb,8482
b0cce8e5-3dd0-404b-a271-9db8634305fb,11114
b0cce8e5-3dd0-404b-a271-9db8634305fb,12225
b0cce8e5-3dd0-404b-a271-9db8634305fb,9138
b0cce8e5-3dd0-404b-a271-9db8634305fb,6260
b0cce8e5-3dd0-404b-a271-9db8634305fb,6086
b0cce8e5-3dd0-404b-a271-9db8634305fb,10032
b0cce8e5-3dd0-404b-a271-9db8634305fb,10251
b0cce8e5-3dd0-404b-a271-9db8634305fb,10508
b0cce8e5-3dd0-404b-a271-9db8634305fb,6891
b0cce8e5-3dd0-404b-a271-9db8634305fb,13363
b0cce8e5-3dd0-404b-a271-9db8634305fb,17534
b0cce8e5-3dd0-404b-a271-9db8634305fb,11443
b0cce8e5-3dd0-404b-a271-9db8634305fb,8065
b0cce8e5-3dd0-404b-a271-9db8634305fb,9360
b0cce8e5-3dd0-404b-a271-9db8634305fb,11300
b0cce8e5-3dd0-404b-a271-9db8634305fb,14425
b0cce8e5-3dd0-404b-a271-9db8634305fb,7906
b0cce8e5-3dd0-404b-a271-9db8634305fb,12914
b0cce8e5-3dd0-404b-a271-9db8634305fb,15101
b0cce8e5-3dd0-404b-a271-9db8634305fb,9921
b0cce8e5-3dd0-404b-a271-9db8634305fb,14490
b0cce8e5-3dd0-404b-a271-9db8634305fb,9950
b0cce8e5-3dd0-404b-a271-9db8634305fb,13616
b0cce8e5-3dd0-404b-a271-9db8634305fb,11335
b0cce8e5-3dd0-404b-a271-9db8634305fb,10276
b0cce8e5-3dd0-404b-a271-9db8634305fb,6216
b0cce8e5-3dd0-404b-a271-9db8634305fb,9571
b0cce8e5-3dd0-404b-a271-9db8634305fb,13154
b0cce8e5-3dd0-404b-a271-9db8634305fb,8947
b0cce8e5-3dd0-404b-a271-9db8634305fb,8278
b0cce8e5-3dd0-404b-a271-9db8634305fb,10404
b0cce8e5-3dd0-404b-a271-9db8634305fb,9449
b0cce8e5-3dd0-404b-a271-9db8634305fb,13641
b0cce8e5-3dd0-404b-a271-9db8634305fb,11868
b0cce8e5-3dd0-404b-a271-9db8634305fb,11019
b0cce8e5-3dd0-404b-a271-9db8634305fb,8383
b0cce8e5-3dd0-404b-a271-9db8634305fb,8975
b0cce8e5-3dd0-404b-a271-9db8634305fb,10466
