b0cce8e5-3dd0-404b-a271-9db8634305fb,20291
b0cce8e5-3dd0-404b-a271-9db8634305fb,8346
b0cce8e5-3dd0-404b-a271-9db8634305fb,6130
b0cce8e5-3dd0-404b-a271-9db8634305fb,4866
b0cce8e5-3dd0-404b-a271-9db8634305fb,5554
b0cce8e5-3dd0-404b-a271-9db8634305fb,4728
b0cce8e5-3dd0-404b-a271-9db8634305fb,6154
b0cce8e5-3dd0-404b-a271-9db8634305fb,8408
b0cce8e5-3dd0-404b-a271-9db8634305fb,7118
b0cce8e5-3dd0-404b-a271-9db8634305fb,4703
b0cce8e5-3dd0-404b-a271-9db8634305fb,5666
b0cce8e5-3dd0-404b-a271-9db8634305fb,5698
b0cce8e5-3dd0-404b-a271-9db8634305fb,4865
b0cce8e5-3dd0-404b-a271-9db8634305fb,6774
b0cce8e5-3dd0-404b-a271-9db8634305fb,5252
b0cce8e5-3dd0-404b-a271-9db8634305fb,9212
b0cce8e5-3dd0-404b-a271-9db8634305fb,5079
b0cce8e5-3dd0-404b-a271-9db8634305fb,4865
b0cce8e5-3dd0-404b-a271-9db8634305fb,4422
b0cce8e5-3dd0-404b-a271-9db8634305fb,8054
b0cce8e5-3dd0-404b-a271-9db8634305fb,5336
b0cce8e5-3dd0-404b-a271-9db8634305fb,5057
b0cce8e5-3dd0-404b-a271-9db8634305fb,4937
b0cce8e5-3dd0-404b-a271-9db8634305fb,5119
b0cce8e5-3dd0-404b-a271-9db8634305fb,5400
b0cce8e5-3dd0-404b-a271-9db8634305fb,5063
b0cce8e5-3dd0-404b-a271-9db8634305fb,6473
b0cce8e5-3dd0-404b-a271-9db8634305fb,5953
b0cce8e5-3dd0-404b-a271-9db8634305fb,7087
b0cce8e5-3dd0-404b-a271-9db8634305fb,5080
b0cce8e5-3dd0-404b-a271-9db8634305fb,4657
b0cce8e5-3dd0-404b-a271-9db8634305fb,4425
b0cce8e5-3dd0-404b-a271-9db8634305fb,5858
b0cce8e5-3dd0-404b-a271-9db8634305fb,8855
b0cce8e5-3dd0-404b-a271-9db8634305fb,7804
b0cce8e5-3dd0-404b-a271-9db8634305fb,7317
b0cce8e5-3dd0-404b-a271-9db8634305fb,8944
b0cce8e5-3dd0-404b-a271-9db8634305fb,5603
b0cce8e5-3dd0-404b-a271-9db8634305fb,5106
b0cce8e5-3dd0-404b-a271-9db8634305fb,5454
b0cce8e5-3dd0-404b-a271-9db8634305fb,6862
b0cce8e5-3dd0-404b-a271-9db8634305fb,14529
b0cce8e5-3dd0-404b-a271-9db8634305fb,5642
b0cce8e5-3dd0-404b-a271-9db8634305fb,5878
b0cce8e5-3dd0-404b-a271-9db8634305fb,4949
b0cce8e5-3dd0-404b-a271-9db8634305fb,7287
b0cce8e5-3dd0-404b-a271-9db8634305fb,5784
b0cce8e5-3dd0-404b-a271-9db8634305fb,4988
b0cce8e5-3dd0-404b-a271-9db8634305fb,7335
b0cce8e5-3dd0-404b-a271-9db8634305fb,5934
b0cce8e5-3dd0-404b-a271-9db8634305fb,6381
b0cce8e5-3dd0-404b-a271-9db8634305fb,4465
b0cce8e5-3dd0-404b-a271-9db8634305fb,5737
b0cce8e5-3dd0-404b-a271-9db8634305fb,5237
b0cce8e5-3dd0-404b-a271-9db8634305fb,5913
b0cce8e5-3dd0-404b-a271-9db8634305fb,6184
b0cce8e5-3dd0-404b-a271-9db8634305fb,6558
b0cce8e5-3dd0-404b-a271-9db8634305fb,5544
b0cce8e5-3dd0-404b-a271-9db8634305fb,8554
b0cce8e5-3dd0-404b-a271-9db8634305fb,5106
b0cce8e5-3dd0-404b-a271-9db8634305fb,9473
b0cce8e5-3dd0-404b-a271-9db8634305fb,10840
b0cce8e5-3dd0-404b-a271-9db8634305fb,5012
b0cce8e5-3dd0-404b-a271-9db8634305fb,5048
b0cce8e5-3dd0-404b-a271-9db8634305fb,5411
b0cce8e5-3dd0-404b-a271-9db8634305fb,5755
b0cce8e5-3dd0-404b-a271-9db8634305fb,4650
b0cce8e5-3dd0-404b-a271-9db8634305fb,4511
b0cce8e5-3dd0-404b-a271-9db8634305fb,4767
b0cce8e5-3dd0-404b-a271-9db8634305fb,5687
b0cce8e5-3dd0-404b-a271-9db8634305fb,6747
b0cce8e5-3dd0-404b-a271-9db8634305fb,5212
b0cce8e5-3dd0-404b-a271-9db8634305fb,4969
b0cce8e5-3dd0-404b-a271-9db8634305fb,6113
b0cce8e5-3dd0-404b-a271-9db8634305fb,12216
b0cce8e5-3dd0-404b-a271-9db8634305fb,5174
b0cce8e5-3dd0-404b-a271-9db8634305fb,5379
b0cce8e5-3dd0-404b-a271-9db8634305fb,7183
b0cce8e5-3dd0-404b-a271-9db8634305fb,4788
b0cce8e5-3dd0-404b-a271-9db8634305fb,5324
b0cce8e5-3dd0-404b-a271-9db8634305fb,5020
b0cce8e5-3dd0-404b-a271-9db8634305fb,6154
b0cce8e5-3dd0-404b-a271-9db8634305fb,6471
b0cce8e5-3dd0-404b-a271-9db8634305fb,6678
b0cce8e5-3dd0-404b-a271-9db8634305fb,6023
b0cce8e5-3dd0-404b-a271-9db8634305fb,5524
b0cce8e5-3dd0-404b-a271-9db8634305fb,8090
b0cce8e5-3dd0-404b-a271-9db8634305fb,5939
b0cce8e5-3dd0-404b-a271-9db8634305fb,8851
b0cce8e5-3dd0-404b-a271-9db8634305fb,7719
b0cce8e5-3dd0-404b-a271-9db8634305fb,5611
b0cce8e5-3dd0-404b-a271-9db8634305fb,5044
b0cce8e5-3dd0-404b-a271-9db8634305fb,5095
b0cce8e5-3dd0-404b-a271-9db8634305fb,5222
b0cce8e5-3dd0-404b-a271-9db8634305fb,4738
b0cce8e5-3dd0-404b-a271-9db8634305fb,7947
b0cce8e5-3dd0-404b-a271-9db8634305fb,5734
b0cce8e5-3dd0-404b-a271-9db8634305fb,4726
b0cce8e5-3dd0-404b-a271-9db8634305fb,4727
b0cce8e5-3dd0-404b-a271-9db8634305fb,6692
b0cce8e5-3dd0-404b-a271-9db8634305fb,8932
b0cce8e5-3dd0-404b-a271-9db8634305fb,8050
b0cce8e5-3dd0-404b-a271-9db8634305fb,4625
b0cce8e5-3dd0-404b-a271-9db8634305fb,9309
b0cce8e5-3dd0-404b-a271-9db8634305fb,7771
b0cce8e5-3dd0-404b-a271-9db8634305fb,6218
b0cce8e5-3dd0-404b-a271-9db8634305fb,4669
b0cce8e5-3dd0-404b-a271-9db8634305fb,5906
b0cce8e5-3dd0-404b-a271-9db8634305fb,6432
b0cce8e5-3dd0-404b-a271-9db8634305fb,7049
b0cce8e5-3dd0-404b-a271-9db8634305fb,9172
b0cce8e5-3dd0-404b-a271-9db8634305fb,5907
b0cce8e5-3dd0-404b-a271-9db8634305fb,4643
b0cce8e5-3dd0-404b-a271-9db8634305fb,5836
b0cce8e5-3dd0-404b-a271-9db8634305fb,6000
b0cce8e5-3dd0-404b-a271-9db8634305fb,4615
b0cce8e5-3dd0-404b-a271-9db8634305fb,5327
b0cce8e5-3dd0-404b-a271-9db8634305fb,8310
b0cce8e5-3dd0-404b-a271-9db8634305fb,7516
b0cce8e5-3dd0-404b-a271-9db8634305fb,5558
b0cce8e5-3dd0-404b-a271-9db8634305fb,5819
b0cce8e5-3dd0-404b-a271-9db8634305fb,5044
b0cce8e5-3dd0-404b-a271-9db8634305fb,8783
b0cce8e5-3dd0-404b-a271-9db8634305fb,5344
b0cce8e5-3dd0-404b-a271-9db8634305fb,4891
b0cce8e5-3dd0-404b-a271-9db8634305fb,6310
b0cce8e5-3dd0-404b-a271-9db8634305fb,4980
b0cce8e5-3dd0-404b-a271-9db8634305fb,6453
b0cce8e5-3dd0-404b-a271-9db8634305fb,5683
b0cce8e5-3dd0-404b-a271-9db8634305fb,4934
b0cce8e5-3dd0-404b-a271-9db8634305fb,4776
b0cce8e5-3dd0-404b-a271-9db8634305fb,7991
b0cce8e5-3dd0-404b-a271-9db8634305fb,7230
b0cce8e5-3dd0-404b-a271-9db8634305fb,5672
b0cce8e5-3dd0-404b-a271-9db8634305fb,5726
b0cce8e5-3dd0-404b-a271-9db8634305fb,6210
b0cce8e5-3dd0-404b-a271-9db8634305fb,4933
b0cce8e5-3dd0-404b-a271-9db8634305fb,5188
b0cce8e5-3dd0-404b-a271-9db8634305fb,5622
b0cce8e5-3dd0-404b-a271-9db8634305fb,5304
b0cce8e5-3dd0-404b-a271-9db8634305fb,5455
b0cce8e5-3dd0-404b-a271-9db8634305fb,5867
b0cce8e5-3dd0-404b-a271-9db8634305fb,6789
b0cce8e5-3dd0-404b-a271-9db8634305fb,6030
b0cce8e5-3dd0-404b-a271-9db8634305fb,6562
b0cce8e5-3dd0-404b-a271-9db8634305fb,8634
b0cce8e5-3dd0-404b-a271-9db8634305fb,5561
b0cce8e5-3dd0-404b-a271-9db8634305fb,5802
b0cce8e5-3dd0-404b-a271-9db8634305fb,4804
b0cce8e5-3dd0-404b-a271-9db8634305fb,5479
b0cce8e5-3dd0-404b-a271-9db8634305fb,4948
b0cce8e5-3dd0-404b-a271-9db8634305fb,8332
b0cce8e5-3dd0-404b-a271-9db8634305fb,4819
